Wall time,Step,Value
1686168219.2585723,5452,7.283999919891357
1686168704.1928434,10904,6.51200008392334
1686169186.5548413,16356,6.329999923706055
1686169673.4232643,21807,6.234000205993652
1686170159.7687495,27258,6.172999858856201
