{
  "say_info": {
    "precision": 1.0,
    "recall": 1.0,
    "f1-score": 1.0,
    "support": 66,
    "confused_with": {}
  },
  "buy_fruit": {
    "precision": 1.0,
    "recall": 1.0,
    "f1-score": 1.0,
    "support": 23,
    "confused_with": {}
  },
  "deny": {
    "precision": 0.75,
    "recall": 0.3,
    "f1-score": 0.4285714285714285,
    "support": 10,
    "confused_with": {
      "affirm": 7
    }
  },
  "affirm": {
    "precision": 0.6666666666666666,
    "recall": 0.9333333333333333,
    "f1-score": 0.7777777777777778,
    "support": 15,
    "confused_with": {
      "deny": 1
    }
  },
  "accuracy": 0.9298245614035088,
  "macro avg": {
    "precision": 0.8541666666666666,
    "recall": 0.8083333333333333,
    "f1-score": 0.8015873015873015,
    "support": 114
  },
  "weighted avg": {
    "precision": 0.9342105263157895,
    "recall": 0.9298245614035088,
    "f1-score": 0.9206349206349206,
    "support": 114
  },
  "micro avg": {
    "precision": 0.9298245614035088,
    "recall": 0.9298245614035088,
    "f1-score": 0.9298245614035088,
    "support": 114
  }
}