Wall time,Step,Value
1686160607.1684957,6295,7.131999969482422
1686161626.1524265,12591,6.35699987411499
1686162640.7785857,18887,6.188000202178955
1686163651.6909041,25182,6.0960001945495605
1686164663.3848507,31478,6.035999774932861
