Wall time,Step,Value
1686167442.746001,4249,8.199999809265137
1686167994.943506,8500,7.2769999504089355
1686168551.581864,12751,7.064000129699707
1686169102.2041714,17001,6.954999923706055
1686169654.2667305,21252,6.883999824523926
