Wall time,Step,Value
1686167514.8569286,6286,8.616000175476074
1686168382.2237887,12582,7.504000186920166
1686169257.0320704,18878,7.2769999504089355
1686170129.1324759,25174,7.156000137329102
1686171010.8551404,31470,7.078000068664551
